{
  "lead_time_days": 7,
  "service_level": 0.95,
  "z_score": 1.6448536269514722,
  "order_cost_gbp": 20.0,
  "holding_cost_rate": 0.2,
  "growth_factor": 1.1213888988525487,
  "simulation_days": 180,
  "total_stockout_reduction_pct": 57.74647887323944,
  "avg_inventory_reduction_pct": -38.127181167214296,
  "abc_summary": [
    {
      "ABC_Class": "A",
      "NumProducts": 738,
      "TotalRevenue": 12419708.98,
      "PctOfProducts": 13.885230479774224,
      "PctOfRevenue": 69.99610309488057
    },
    {
      "ABC_Class": "B",
      "NumProducts": 1095,
      "TotalRevenue": 3548572.08,
      "PctOfProducts": 20.602069614299154,
      "PctOfRevenue": 19.99935888604813
    },
    {
      "ABC_Class": "C",
      "NumProducts": 3482,
      "TotalRevenue": 1775148.118,
      "PctOfProducts": 65.51269990592662,
      "PctOfRevenue": 10.0045380190713
    }
  ]
}